view,mask_type,date,mean_train_acc,std_train_acc,mean_test_acc,std_test_acc,mean_train_f1,std_train_f1,mean_test_f1,std_test_f1
overhead,all,2024-12-21,0.8583333333333334,0.11636866703140784,0.5666666666666667,0.14907119849998596,0.8567986141825152,0.1185509013099519,0.5666666666666667,0.14337208778404378
overhead,all,2024-12-22,0.8666666666666668,0.12977009585331198,0.5666666666666667,0.09128709291752767,0.8628748719460795,0.13486670781364413,0.5422222222222223,0.11122216672215286
overhead,all,2024-12-23,1.0,0.0,0.7666666666666666,0.14907119849998599,1.0,0.0,0.7622222222222221,0.14981470036162822
overhead,all,2024-12-24,1.0,0.0,0.7333333333333333,0.190029237516523,1.0,0.0,0.72,0.20083160441856093
overhead,all,2024-12-25,0.9416666666666668,0.047507309379130766,0.8666666666666668,0.07453559924999298,0.9415032679738562,0.047650824241327334,0.857777777777778,0.07950463919999248
overhead,all,2024-12-26,0.9,0.03726779962499651,0.7666666666666667,0.190029237516523,0.8996732026143791,0.03745075226065184,0.7555555555555556,0.20000000000000004
overhead,all,2024-12-27,0.9583333333333333,0.041666666666666685,0.7333333333333333,0.190029237516523,0.9583006535947712,0.04166673074453616,0.7244444444444444,0.19913392726417647
overhead,all,2024-12-28,0.9833333333333334,0.022821773229381902,0.8333333333333334,0.11785113019775793,0.9832679738562092,0.022911270379301046,0.8266666666666668,0.11800816042090449
overhead,all,2024-12-29,0.9833333333333334,0.022821773229381902,0.8666666666666666,0.18257418583505539,0.9832679738562092,0.022911270379301046,0.8666666666666666,0.18257418583505539
overhead,all,2024-12-30,1.0,0.0,0.8,0.2173067468400883,1.0,0.0,0.768888888888889,0.24825315633367012
overhead,all,2024-12-31,1.0,0.0,0.7666666666666667,0.19002923751652304,1.0,0.0,0.7555555555555556,0.20000000000000004
overhead,plug,2024-12-21,0.8416666666666666,0.13307266185559427,0.5666666666666667,0.149071198499986,0.8420834829658359,0.1328847932935393,0.5558730158730159,0.15558551703682133
overhead,plug,2024-12-22,0.75,0.14129854131510977,0.5333333333333333,0.13944333775567927,0.739087833963995,0.14949843710155697,0.5222222222222223,0.14337208778404378
overhead,plug,2024-12-23,0.875,0.10622957319984966,0.6666666666666666,0.11785113019775793,0.8746405228758171,0.10655013137869639,0.6688888888888889,0.10610965676722954
overhead,plug,2024-12-24,0.8666666666666668,0.09033118078616166,0.7333333333333333,0.19002923751652304,0.8632633053221289,0.09374761225988962,0.7136507936507936,0.21723890941581422
overhead,plug,2024-12-25,0.8833333333333334,0.09033118078616167,0.6666666666666666,0.11785113019775793,0.875219845513963,0.10091858271505691,0.6577777777777778,0.12629575323006959
overhead,plug,2024-12-26,0.8916666666666668,0.12360330811826102,0.5666666666666668,0.25276251480171835,0.8907794057794058,0.12491454675601636,0.5266666666666667,0.2732520204255893
overhead,plug,2024-12-27,0.8333333333333334,0.08838834764831845,0.7666666666666666,0.09128709291752772,0.8191467104160604,0.0957166381877994,0.7577777777777778,0.08833158628600801
overhead,plug,2024-12-28,0.9333333333333332,0.08640183897219886,0.5666666666666667,0.14907119849998596,0.930202095233055,0.09228410053864777,0.531111111111111,0.1466498306835237
overhead,plug,2024-12-29,0.9166666666666667,0.08333333333333331,0.6333333333333333,0.13944333775567927,0.9162319259687681,0.08359854981369923,0.611111111111111,0.16348821077291295
overhead,plug,2024-12-30,0.9166666666666666,0.05103103630798288,0.7,0.1394433377556793,0.9150414497782918,0.052166264811981555,0.68,0.1597451674340057
overhead,plug,2024-12-31,0.95,0.11180339887498948,0.6333333333333333,0.13944333775567927,0.9475689223057644,0.1172394538578837,0.6088888888888888,0.15974516743400574
overhead,all_plug,2024-12-21,0.775,0.06972166887783961,0.6,0.14907119849998599,0.7737716211090825,0.06922241814905558,0.611111111111111,0.1335646142241257
overhead,all_plug,2024-12-22,0.8333333333333334,0.1102396379610246,0.6333333333333333,0.07453559924999298,0.8328665996313054,0.11215330690988924,0.6355555555555555,0.06353768202442574
overhead,all_plug,2024-12-23,1.0,0.0,0.8666666666666668,0.13944333775567927,1.0,0.0,0.8600000000000001,0.14478592114899486
overhead,all_plug,2024-12-24,1.0,0.0,0.8,0.18257418583505536,1.0,0.0,0.7866666666666667,0.1947457982240591
overhead,all_plug,2024-12-25,0.95,0.03486083443891984,0.9,0.09128709291752767,0.9499346405228758,0.034841414031927614,0.8933333333333333,0.09737289911202948
overhead,all_plug,2024-12-26,0.8833333333333332,0.03486083443891978,0.7333333333333333,0.190029237516523,0.8826081543728602,0.03587077881422716,0.7222222222222222,0.2
overhead,all_plug,2024-12-27,0.9583333333333333,0.041666666666666685,0.6666666666666666,0.0,0.9583006535947712,0.04166673074453616,0.6444444444444444,0.049690399499995354
overhead,all_plug,2024-12-28,0.9666666666666668,0.01863389981249823,0.7333333333333333,0.09128709291752772,0.9665359477124185,0.018706973929409988,0.7066666666666667,0.1148267616245673
overhead,all_plug,2024-12-29,0.9833333333333334,0.022821773229381902,0.7666666666666666,0.09128709291752772,0.9832679738562092,0.022911270379301046,0.76,0.0852012867230259
overhead,all_plug,2024-12-30,0.9833333333333332,0.03726779962499651,0.7333333333333333,0.190029237516523,0.9830687830687831,0.03785935199999644,0.6799999999999999,0.22310934040908686
overhead,all_plug,2024-12-31,0.9916666666666668,0.01863389981249823,0.7333333333333333,0.19002923751652304,0.9916339869281046,0.018706973929409985,0.7022222222222222,0.2129162589689509
overhead,new_growth,2024-12-21,0.775,0.06972166887783961,0.6,0.14907119849998599,0.7737716211090825,0.06922241814905558,0.611111111111111,0.1335646142241257
overhead,new_growth,2024-12-22,0.925,0.07453559924999298,0.7666666666666667,0.09128709291752773,0.9259150326797385,0.07345126566321286,0.76,0.0852012867230259
overhead,new_growth,2024-12-23,0.95,0.07453559924999298,0.7333333333333332,0.149071198499986,0.9487439249203955,0.07695772461727926,0.7244444444444443,0.15404023844998552
overhead,new_growth,2024-12-24,0.9416666666666667,0.08640183897219886,0.6666666666666667,0.16666666666666669,0.9428669713499435,0.08364301974776119,0.6466666666666667,0.18599084007711936
overhead,new_growth,2024-12-25,0.925,0.045643546458763846,0.7,0.13944333775567927,0.9237114845938376,0.046632651172624155,0.6844444444444445,0.14753112247510844
overhead,new_growth,2024-12-26,0.8416666666666668,0.08014743359029729,0.7,0.2173067468400883,0.8407153630683043,0.08006911533330363,0.6558730158730158,0.2629210680646379
overhead,new_growth,2024-12-27,0.8416666666666668,0.06180165405913051,0.7,0.24720661623652213,0.8364313561681982,0.06506368022411346,0.6644444444444445,0.2680980104549016
overhead,new_growth,2024-12-28,0.9666666666666668,0.054326686710022075,0.7666666666666667,0.190029237516523,0.9663694366635542,0.054891069214614424,0.7644444444444445,0.18213412504572787
overhead,new_growth,2024-12-29,0.8666666666666668,0.07453559924999299,0.7666666666666666,0.09128709291752772,0.8608433058742657,0.08322818727557736,0.7577777777777778,0.08833158628600801
overhead,new_growth,2024-12-30,0.95,0.07453559924999298,0.8,0.1394433377556793,0.9477777777777778,0.07892018158702115,0.7911111111111111,0.14345817130292804
overhead,new_growth,2024-12-31,0.9583333333333334,0.0721687836487032,0.6333333333333333,0.1825741858350554,0.9580361033302209,0.07274159024561203,0.6133333333333333,0.2062899792902107
overhead,old_growth,2024-12-21,0.8333333333333334,0.12842529172852035,0.5999999999999999,0.09128709291752768,0.8295131556896262,0.13516973393876425,0.5825396825396825,0.11205382394555467
overhead,old_growth,2024-12-22,0.8916666666666668,0.06972166887783961,0.6666666666666667,0.11785113019775793,0.8907230557540154,0.07068233621188742,0.6622222222222223,0.11401754250991382
overhead,old_growth,2024-12-23,0.9666666666666668,0.05432668671002207,0.7666666666666667,0.09128709291752772,0.9649203955086308,0.05795959858985446,0.76,0.0852012867230259
overhead,old_growth,2024-12-24,0.95,0.03486083443891984,0.7333333333333333,0.25276251480171835,0.949234360410831,0.035701797490737854,0.7066666666666668,0.295396782750353
overhead,old_growth,2024-12-25,0.9833333333333334,0.022821773229381902,0.8666666666666668,0.13944333775567927,0.9832679738562092,0.022911270379301046,0.8622222222222223,0.14089659985908765
overhead,old_growth,2024-12-26,0.9416666666666667,0.03726779962499652,0.7666666666666667,0.09128709291752773,0.9416013071895424,0.03727704020594238,0.76,0.0852012867230259
overhead,old_growth,2024-12-27,0.9083333333333334,0.06846531968814576,0.7666666666666667,0.19002923751652304,0.9075754746342982,0.06928289692160831,0.7555555555555556,0.20000000000000004
overhead,old_growth,2024-12-28,0.975,0.0372677996249965,0.8,0.1394433377556793,0.9747027699968877,0.0378042914499282,0.7955555555555556,0.13824294235551818
overhead,old_growth,2024-12-29,0.9666666666666668,0.034860834438919824,0.8,0.13944333775567927,0.9666013071895424,0.03488047366781367,0.7955555555555556,0.13824294235551818
overhead,old_growth,2024-12-30,0.9833333333333332,0.03726779962499651,0.7666666666666667,0.190029237516523,0.9833333333333332,0.03726779962499651,0.7666666666666667,0.18053418676968805
overhead,old_growth,2024-12-31,0.9666666666666666,0.034860834438919824,0.7666666666666667,0.09128709291752772,0.9666013071895424,0.03488047366781367,0.7155555555555556,0.14605934866804438
raw,all,2024-12-21,0.9916666666666668,0.01863389981249823,0.8,0.13944333775567927,0.9916339869281046,0.018706973929409988,0.7933333333333333,0.14089659985908765
raw,all,2024-12-22,0.9,0.10865337342004414,0.6333333333333333,0.13944333775567927,0.8994164332399628,0.10860139461414173,0.6155555555555555,0.14878105547796
raw,all,2024-12-23,0.9916666666666668,0.01863389981249823,0.8333333333333334,0.11785113019775793,0.9916339869281046,0.018706973929409985,0.8266666666666668,0.11800816042090448
raw,all,2024-12-24,0.9666666666666668,0.07453559924999298,0.8333333333333334,0.11785113019775793,0.9652661064425772,0.07766734711763973,0.8244444444444445,0.12181751176591774
raw,all,2024-12-25,0.9333333333333333,0.04750730937913076,0.8333333333333334,0.11785113019775793,0.9326735138499845,0.04787110384103452,0.8266666666666668,0.11800816042090449
raw,all,2024-12-26,0.9416666666666667,0.04750730937913076,0.8666666666666668,0.07453559924999298,0.9412387177093059,0.047826533521739815,0.857777777777778,0.07950463919999248
raw,all,2024-12-27,0.9666666666666666,0.07453559924999298,0.9666666666666668,0.07453559924999298,0.9633298933608531,0.08199685118729881,0.9644444444444445,0.07950463919999248
raw,all,2024-12-28,0.9666666666666668,0.01863389981249823,0.8333333333333334,0.0,0.9665359477124185,0.018706973929409988,0.8222222222222223,0.0
raw,all,2024-12-29,0.975,0.0228217732293819,0.9666666666666668,0.07453559924999298,0.9749019607843138,0.022911270379301043,0.9644444444444445,0.0795046391999925
raw,all,2024-12-30,0.975,0.03726779962499651,0.8,0.07453559924999302,0.9742670401493931,0.0386623177815891,0.7911111111111112,0.0695665592999935
raw,all,2024-12-31,1.0,0.0,0.9333333333333333,0.09128709291752767,1.0,0.0,0.928888888888889,0.09737289911202948
raw,plug,2024-12-21,0.7416666666666667,0.17280367794439766,0.5333333333333333,0.13944333775567924,0.7360444783974196,0.1787688328015733,0.49333333333333335,0.132077418374393
raw,plug,2024-12-22,0.775,0.047507309379130745,0.6333333333333333,0.13944333775567927,0.7716341066341067,0.049692141541951756,0.6355555555555555,0.12382783747337808
raw,plug,2024-12-23,0.8166666666666667,0.05590169943749475,0.7,0.1394433377556793,0.8112729536258948,0.06082663432597499,0.66,0.16284507520498906
raw,plug,2024-12-24,0.85,0.0912870929175277,0.6333333333333333,0.13944333775567927,0.8408982738394503,0.09852122225770918,0.6266666666666667,0.13891110933361775
raw,plug,2024-12-25,0.85,0.09592387027684449,0.7333333333333333,0.09128709291752772,0.8449455337690631,0.10038457102842241,0.7266666666666667,0.08734775114237137
raw,plug,2024-12-26,0.85,0.08640183897219884,0.7,0.07453559924999302,0.8437070554717614,0.09196331340610296,0.6955555555555555,0.07097208632298366
raw,plug,2024-12-27,0.9,0.12004050242406614,0.6333333333333333,0.07453559924999298,0.894175345351816,0.1277200316626466,0.6222222222222222,0.08713548411865624
raw,plug,2024-12-28,0.8916666666666668,0.08640183897219884,0.7,0.07453559924999302,0.889313725490196,0.08866600878153388,0.6955555555555555,0.07097208632298366
raw,plug,2024-12-29,0.8583333333333334,0.11636866703140784,0.6,0.14907119849998599,0.8512757383655216,0.12366085694282526,0.5800000000000001,0.1597451674340057
raw,plug,2024-12-30,0.925,0.09033118078616167,0.7333333333333334,0.149071198499986,0.9212326127032011,0.09656944135903549,0.7200000000000001,0.15682025568335428
raw,plug,2024-12-31,0.9333333333333333,0.0959238702768445,0.7,0.13944333775567927,0.9295986257750964,0.1022162079780547,0.6888888888888889,0.14656562175858803
raw,all_plug,2024-12-21,0.9,0.08640183897219884,0.7333333333333334,0.149071198499986,0.9007563025210084,0.08506747179823435,0.7311111111111112,0.13480667456091652
raw,all_plug,2024-12-22,0.9416666666666668,0.06319062870042959,0.7666666666666667,0.190029237516523,0.9418269530034238,0.06293848681568565,0.7622222222222222,0.18816856115570268
raw,all_plug,2024-12-23,0.975,0.03726779962499651,0.7666666666666666,0.149071198499986,0.9749673202614378,0.03728613528496715,0.74,0.17384539747207067
raw,all_plug,2024-12-24,0.9833333333333332,0.03726779962499651,0.7999999999999999,0.1825741858350554,0.9833333333333332,0.03726779962499651,0.7999999999999999,0.1825741858350554
raw,all_plug,2024-12-25,0.925,0.061801654059130524,0.8333333333333334,0.11785113019775793,0.9239091192032369,0.06285013858702117,0.8266666666666668,0.11800816042090449
raw,all_plug,2024-12-26,0.9666666666666666,0.034860834438919824,0.8666666666666668,0.13944333775567927,0.9666013071895424,0.03488047366781367,0.8622222222222223,0.14089659985908765
raw,all_plug,2024-12-27,0.9833333333333334,0.022821773229381902,0.9333333333333333,0.09128709291752767,0.9832679738562092,0.022911270379301046,0.928888888888889,0.09737289911202948
raw,all_plug,2024-12-28,0.975,0.05590169943749474,0.9,0.09128709291752765,0.9740890688259108,0.0579386034655816,0.8933333333333333,0.09737289911202948
raw,all_plug,2024-12-29,0.9833333333333334,0.022821773229381902,0.9666666666666668,0.07453559924999298,0.9832679738562092,0.022911270379301046,0.9644444444444445,0.0795046391999925
raw,all_plug,2024-12-30,1.0,0.0,0.9,0.14907119849998599,1.0,0.0,0.8977777777777778,0.15039043836167673
raw,all_plug,2024-12-31,1.0,0.0,0.9666666666666668,0.07453559924999298,1.0,0.0,0.9644444444444445,0.0795046391999925
raw,new_growth,2024-12-21,0.9,0.08640183897219884,0.7333333333333334,0.149071198499986,0.9007563025210084,0.08506747179823435,0.7311111111111112,0.13480667456091652
raw,new_growth,2024-12-22,0.95,0.05432668671002208,0.7,0.1394433377556793,0.9496700902583255,0.05480282167860515,0.6844444444444445,0.14753112247510844
raw,new_growth,2024-12-23,1.0,0.0,0.8333333333333334,0.11785113019775793,1.0,0.0,0.8266666666666668,0.11800816042090449
raw,new_growth,2024-12-24,0.9916666666666668,0.01863389981249823,0.9666666666666668,0.07453559924999298,0.9916339869281046,0.018706973929409985,0.9644444444444445,0.0795046391999925
raw,new_growth,2024-12-25,0.95,0.04564354645876385,0.8666666666666668,0.07453559924999298,0.9489910296102246,0.04749762273135103,0.857777777777778,0.07950463919999248
raw,new_growth,2024-12-26,0.9583333333333333,0.05892556509887897,0.8666666666666668,0.13944333775567927,0.9559194618018146,0.06258035021938024,0.8400000000000001,0.18216801361705956
raw,new_growth,2024-12-27,1.0,0.0,0.9,0.14907119849998599,1.0,0.0,0.8955555555555555,0.15468007604706535
raw,new_growth,2024-12-28,1.0,0.0,0.9666666666666668,0.07453559924999298,1.0,0.0,0.9644444444444445,0.0795046391999925
raw,new_growth,2024-12-29,1.0,0.0,0.8666666666666668,0.07453559924999298,1.0,0.0,0.857777777777778,0.07950463919999248
raw,new_growth,2024-12-30,0.9583333333333334,0.09316949906249125,0.8333333333333334,0.11785113019775793,0.9524420677361853,0.10634276941121995,0.8266666666666668,0.11800816042090448
raw,new_growth,2024-12-31,0.9083333333333334,0.0994778032192777,0.7666666666666667,0.09128709291752772,0.9035734091616445,0.1085682064593025,0.7311111111111112,0.13203067357789292
raw,old_growth,2024-12-21,0.7999999999999999,0.14252192813739226,0.5666666666666667,0.149071198499986,0.7883403014827164,0.15688131739231215,0.5266666666666666,0.1722401424368509
raw,old_growth,2024-12-22,0.8083333333333332,0.1337233877990101,0.6,0.14907119849998599,0.8073328305681245,0.13561770444974788,0.5625396825396825,0.18200958225392955
raw,old_growth,2024-12-23,0.9166666666666667,0.06588078458684123,0.7666666666666666,0.09128709291752772,0.9156753812636165,0.06751071637900974,0.76,0.0852012867230259
raw,old_growth,2024-12-24,0.9916666666666668,0.01863389981249823,0.9,0.09128709291752765,0.9916339869281046,0.018706973929409988,0.8933333333333333,0.09737289911202948
raw,old_growth,2024-12-25,0.9833333333333334,0.022821773229381902,0.9333333333333333,0.09128709291752767,0.9832679738562092,0.022911270379301046,0.928888888888889,0.0973728991120295
raw,old_growth,2024-12-26,0.9666666666666668,0.01863389981249823,0.9,0.14907119849998599,0.9665359477124185,0.018706973929409988,0.8977777777777778,0.15039043836167673
raw,old_growth,2024-12-27,0.9583333333333334,0.029462782549439494,0.9,0.09128709291752765,0.9579707438530969,0.029931688525384564,0.8933333333333333,0.09737289911202948
raw,old_growth,2024-12-28,0.9833333333333334,0.0228217732293819,0.9666666666666668,0.07453559924999298,0.9832679738562092,0.022911270379301043,0.9644444444444445,0.0795046391999925
raw,old_growth,2024-12-29,0.975,0.022821773229381902,0.9,0.09128709291752765,0.9749019607843138,0.022911270379301043,0.8933333333333333,0.09737289911202948
raw,old_growth,2024-12-30,0.9916666666666668,0.01863389981249823,0.9,0.09128709291752765,0.9916339869281046,0.018706973929409985,0.8933333333333333,0.09737289911202948
raw,old_growth,2024-12-31,0.9833333333333334,0.022821773229381902,0.8666666666666668,0.07453559924999298,0.9832679738562092,0.022911270379301046,0.857777777777778,0.07950463919999248
